request_id,language,timestamp,text,category,issue,location,district,state,latitude,longitude,urgency,affected_population,source,cluster_id
REQ-001,en,2026-08-12T09:14:00,The road to our village becomes completely unusable during monsoon. Ambulances cannot reach us.,road,Poor road connectivity during monsoon,Village road to main highway,Guntur,Andhra Pradesh,16.3067,80.4365,85,3200,citizen_text,C1
REQ-002,hi,2026-08-13T11:22:00,हमारे गांव की सड़क बारिश में खराब हो जाती है। स्कूल बस नहीं आ पाती।,road,Poor road connectivity during monsoon,Village road to school,Guntur,Andhra Pradesh,16.3102,80.4410,78,2800,citizen_text,C1
REQ-003,en,2026-08-14T16:05:00,No proper road connecting our village to the primary health centre. Patients suffer.,road,No road to health centre,Village to PHC road,Guntur,Andhra Pradesh,16.2980,80.4290,90,4100,citizen_text,C1
REQ-004,te,2026-08-15T08:40:00,మా గ్రామం నుండి ఆసుపత్రికి రోడ్డు లేదు. వర్షాకాలంలో చాలా కష్టం.,road,No road to hospital,Village to hospital,Guntur,Andhra Pradesh,16.3150,80.4500,88,3500,citizen_voice,C1
REQ-005,en,2026-08-16T14:18:00,School buses cannot reach the village because of the broken road stretch.,road,Broken road blocks school access,Main village approach road,Guntur,Andhra Pradesh,16.3020,80.4380,75,2200,citizen_text,C1
REQ-006,en,2026-08-18T10:05:00,Drinking water pipeline has been broken for 3 weeks. We are fetching water from 2 km away.,water,Broken drinking water pipeline,Ward 4,Nagpur,Maharashtra,21.1458,79.0882,82,1800,citizen_text,C2
REQ-007,hi,2026-08-19T12:30:00,पानी की पाइपलाइन टूटी हुई है। महिलाओं को दूर से पानी लाना पड़ता है।,water,Broken water pipeline,Ward 4,Nagpur,Maharashtra,21.1480,79.0910,80,2100,citizen_text,C2
REQ-008,en,2026-08-20T07:55:00,No clean drinking water in our colony for the last 15 days.,water,No clean drinking water,Residential colony,Nagpur,Maharashtra,21.1420,79.0850,85,2500,citizen_text,C2
REQ-009,en,2026-08-21T15:40:00,Primary health centre has no doctor for the last two months. Only compounder available.,healthcare,No doctor at PHC,Primary Health Centre,Sitapur,Uttar Pradesh,27.5616,80.6820,92,6500,citizen_text,C3
REQ-010,hi,2026-08-22T09:10:00,प्राथमिक स्वास्थ्य केंद्र में डॉक्टर नहीं हैं। मरीजों को जिला अस्पताल जाना पड़ता है।,healthcare,No doctor at PHC,Primary Health Centre,Sitapur,Uttar Pradesh,27.5650,80.6850,90,7200,citizen_text,C3
REQ-011,en,2026-08-23T11:25:00,Pregnant women have to travel 35 km for delivery because local PHC has no medical officer.,healthcare,No medical officer at PHC,Primary Health Centre,Sitapur,Uttar Pradesh,27.5580,80.6780,95,4800,citizen_voice,C3
REQ-012,en,2026-08-24T13:50:00,Street lights have not been working for 4 months. Women feel unsafe after dark.,sanitation,Non-functional street lights,Residential area near market,Indore,Madhya Pradesh,22.7196,75.8577,70,1900,citizen_text,C4
REQ-013,hi,2026-08-25T18:20:00,सड़क की लाइटें 4 महीने से खराब हैं। रात में डर लगता है।,sanitation,Non-functional street lights,Near market area,Indore,Madhya Pradesh,22.7220,75.8600,72,2100,citizen_text,C4
REQ-014,en,2026-08-26T08:15:00,Open drain overflowing into the main road. Children getting sick.,sanitation,Overflowing open drain,Main market road,Indore,Madhya Pradesh,22.7170,75.8550,78,3200,citizen_text,C4
REQ-015,en,2026-08-27T10:40:00,Government school has no functional toilets for girls. Many drop out after class 5.,education,No functional toilets for girls,Govt Primary School,Guntur,Andhra Pradesh,16.3200,80.4450,80,1400,citizen_text,C5
REQ-016,te,2026-08-28T14:05:00,పాఠశాలలో అమ్మాయిలకు టాయిలెట్ లేదు. చాలా మంది చదువు మానేస్తున్నారు.,education,No toilets for girls in school,Govt Primary School,Guntur,Andhra Pradesh,16.3180,80.4420,82,1600,citizen_text,C5
REQ-017,en,2026-08-29T16:30:00,Internet connectivity is extremely poor. Students cannot attend online classes.,digital,Poor internet connectivity,Village cluster,Sitapur,Uttar Pradesh,27.5700,80.6900,65,3800,citizen_text,C6
REQ-018,en,2026-08-30T09:45:00,Mobile network drops constantly. Digital services of government are inaccessible.,digital,Poor mobile network,Village cluster,Sitapur,Uttar Pradesh,27.5720,80.6920,68,4200,citizen_text,C6
REQ-019,en,2026-09-01T11:10:00,The only bridge connecting three villages is damaged and unsafe for vehicles.,road,Damaged bridge,River bridge,Guntur,Andhra Pradesh,16.2900,80.4200,93,8500,citizen_text,C1
REQ-020,en,2026-09-02T13:25:00,During rains the bridge becomes completely impassable. People use boats.,road,Damaged bridge during rains,River bridge,Guntur,Andhra Pradesh,16.2920,80.4220,91,7800,citizen_voice,C1
REQ-021,en,2026-09-03T08:00:00,Water tanker comes only once a week. Not enough for the whole colony.,water,Insufficient water supply,Colony Phase 2,Nagpur,Maharashtra,21.1500,79.0950,76,2900,citizen_text,C2
REQ-022,hi,2026-09-04T15:40:00,पानी का टैंकर हफ्ते में एक बार आता है। पर्याप्त नहीं है।,water,Insufficient water supply,Colony Phase 2,Nagpur,Maharashtra,21.1510,79.0960,74,2700,citizen_text,C2
REQ-023,en,2026-09-05T10:20:00,No ambulance service available in our block. Emergency cases take too long.,healthcare,No ambulance service,Block level,Sitapur,Uttar Pradesh,27.5500,80.6700,88,9500,citizen_text,C3
REQ-024,en,2026-09-06T12:55:00,Garbage collection has stopped for 3 weeks. Waste is piling up on streets.,sanitation,No garbage collection,Municipal ward,Indore,Madhya Pradesh,22.7250,75.8650,73,4500,citizen_text,C4
REQ-025,en,2026-09-07T14:30:00,Classroom roof is leaking. Children sit under plastic sheets during rain.,education,Leaking classroom roof,Govt Middle School,Guntur,Andhra Pradesh,16.3250,80.4480,77,1100,citizen_text,C5
REQ-026,en,2026-09-08T09:15:00,Road from highway to our three villages is full of deep potholes.,road,Deep potholes on approach road,Highway approach,Guntur,Andhra Pradesh,16.3000,80.4300,79,5600,citizen_text,C1
REQ-027,en,2026-09-09T11:50:00,Hand pump is dry. Nearest working hand pump is 1.5 km away.,water,Dry hand pump,Village centre,Nagpur,Maharashtra,21.1400,79.0800,81,1600,citizen_text,C2
REQ-028,en,2026-09-10T16:05:00,No specialist doctor visits our CHC. Patients referred to district hospital always.,healthcare,No specialist at CHC,Community Health Centre,Sitapur,Uttar Pradesh,27.5800,80.7000,84,12000,citizen_text,C3
REQ-029,en,2026-09-11T08:40:00,Open defecation continues because community toilets are locked or broken.,sanitation,Broken community toilets,Slum area,Indore,Madhya Pradesh,22.7100,75.8500,75,3800,citizen_text,C4
REQ-030,en,2026-09-12T13:20:00,No digital classroom facility. Students lag behind in computer literacy.,education,No digital classroom,Govt High School,Guntur,Andhra Pradesh,16.3300,80.4500,60,2200,citizen_text,C5
